Sujet,Concours,Date,Note,Transcription
Qu_est-ce qui fait autorité _,ENS,2023.0,19,
Le bonheur est-il affaire de hasard et de nécessité _,AGREG interne,,15.5,https://github.com/ZygoOoade/concours-de-philosophie/blob/main/copies/Le%20bonheur%20est-il%20affaire%20de%20hasard%20ou%20de%20nécessité%20_%20(AGREG%202022%20-%20note%20_%2015%2C5).md
Que peut-on partager,CAPES,2017.0,19,
Les maîtres de vérité,CAPES,2022.0,11,
Peut on vivre en paix avec son inconscient _,AGREG interne,2021.0,17,
Le commerce des corps,AGREG,2023.0,15,
Qu_est-ce qui gouverne la science,,,20,
Que nous enseignent nos peurs,ENS,2021.0,17,
Peut-on vivre en paix avec son inconscient _,AGREG interne,2021.0,14,
L_idée de justice,ENS,2016.0,16,
L_égalité,AGREG externe,2023.0,12,
La valeur de la nature,ENS B/L,2024.0,18,
Le commerce des corps,AGREG interne,,13,
La valeur de la nature,ENS,2024.0,17,
Puis-je voir clair en moi-même _,,,15,
Être c_est agir,ENS A/L,2024.0,17,
Le bonheur est-il affaire de hasard ou de nécessité _,AGREG interne,2022.0,14,
Devenir citoyen,ENS,2024.0,18,
Que faut il pour faire un monde _,ENS,2020.0,18,
Le bonheur est-il affaire de hasard ou de nécessité _,AGREG interne,2022.0,15,
La responsabilité,ENS AL,2018.0,18,
L’imagination nous instruit-elle _,AGREG externe,2024.0,14,
Qu_est-ce qui est sensible _,AGREG interne,2024.0,11,
"Dire, est-ce autre chose que vouloir dire _",CAPES,2021.0,12,
Est-ce une chance de naître humain _,AGREG interne,2023.0,13,
"L’Etat, c’est moi",ENS,2021.0,18,
Qu’apprenons-nous de nos affects _,AGREG externe,2020.0,15,
Science et objectivité,,,13,
L_imagination nous instruit-elle,AGREG externe,2024.0,10,
La valeur de la nature,ENS,2024.0,16,
Le bonheur est-il affaire de hasard ou de nécessité _,AGREG interne,2022.0,8,
Qu_est-ce que penser _,ENS BL,2017.0,18,
Les choses ont-elles quelque chose en commun _,AGREG,2021.0,11,
Qu_est-ce qui est sensible _,AGREG interne,2024.0,14,
Est-ce une chance de naître humain _,AGREG interne,2023.0,18,
langage et réalité.pdf,AGREG externe,2018.0,19,
La valeur de la nature,ENS,2024.0,18,
Que nous enseignent nos peurs _,ENS BL,2021.0,17,
Peut-on vivre en paix avec son inconscient,AGREG interne,2021.0,14,
Qu_est-ce qui fait autorité _,ENS,2023.0,17,
« Être soi-même » cela a t-il un sens _,CAPES,2023.0,14,
L’imagination nous instruit-elle _,AGREG externe,2024.0,14,
Peut on vivre en paix avec son inconscient _,AGREG interne,2021.0,17,
Que peut le droit,AGREG externe,2021.0,11,
L_inconnu,ENS,2022.0,17,
Qu_est-ce qui est sensible _,AGREG interne,2024.0,15,
Le vrai et le réel,AGREG interne,2020.0,13,
Peut-on vivre en paix avec son inconscient _,AGREG interne,2021.0,14,
Science et objectivité,ENS,2020.0,14,
L_usage des Principes,AGREG externe,2022.0,11,
Habiter le monde.pdf,AGREG externe,2017.0,16,
L'usage des principes,AGREG externe,2022.0,13,
Qu’apprenons-nous de nos affects _,AGREG externe,2020.0,15,
Qu_est-ce qui fait autorité _,ENS,2023.0,19,
L_actualité,ENS,2018.0,17,
Le vrai et le réel,AGREG interne,2020.0,15,
L_égalité,AGREG externe,2023.0,15,
La paix est-elle le plus grand des biens,CAPES,2020.0,15,
La valeur de la nature,ENS,2024.0,16,
Est-ce une chance de naître humain _,AGREG interne,2023.0,16,
Les maitres de vérité,CAPES,2022.0,11,
Qu_est-ce qui fait autorité _,ENS,2023.0,18,
Le bonheur est-il affaire de hasard ou de nécessité _,AGREG interne,2022.0,16,
Le bonheur est-il affaire de hasard ou de nécessité _,AGREG interne,2022.0,15,
L_avenir est-il l_affaire de la pensée,CAPES,2024.0,17,
Peut-on se libérer de sa culture,BAC,2017.0,19,
Que faut-il pour faire un monde _,ENS B_L,2020.0,17,
Le bonheur est-il affaire de hasard ou de nécessité _,AGREG interne,2022.0,10,
L_usage des principes,AGREG externe,2022.0,13,
L_avenir est-il l_affaire de la pensée _.pdf,CAPES,2024.0,20,
La valeur de la nature,ENS,2024.0,16,
Peut-on vivre en paix avec son inconscient _,AGREG interne,2021.0,12,
Que faut-il pour faire un monde,ENS BL,2020.0,17,
Que faut-il pour faire un monde _,ENS,2020.0,18,
Le bien-être,ENS,2023.0,20,
Peut-on vivre en paix avec son inconscient _,AGREG interne,2021.0,14,
La paix est-elle le plus grand des biens _,CAPES,2020.0,14,
Le bonheur est-il affaire de hasard ou de nécessité _,AGREG interne,2022.0,16,
Vie et pensée,,,17,
Etre sensible,AGREG externe,2022.0,13,
Qu_est-ce qui est sensible _,AGREG interne,2024.0,7,
Que faut-il pour faire un monde _,ENS B_L,2020.0,16,
La valeur de la nature,ENS,2024.0,19,
