Sujet,Concours,Date,Note
Qu_est-ce qui fait autorité _,ENS,2023,19
Le bonheur est-il affaire de hasard et de nécessité _,AGREG interne,,15
Que peut-on partager,CAPES,2017,19
Les maîtres de vérité,CAPES,2022,11
Peut on vivre en paix avec son inconscient _,AGREG interne,2021,17
Le commerce des corps,AGREG,2023,15
Qu_est-ce qui gouverne la science,,,20
Que nous enseignent nos peurs,ENS,2021,17
Peut-on vivre en paix avec son inconscient _,AGREG interne,2021,14
L_idée de justice,ENS,2016,16
L_égalité,AGREG externe,2023,12
La valeur de la nature,ENS B/L,2024,18
Le commerce des corps,AGREG interne,,13
La valeur de la nature,ENS,2024,17
Puis-je voir clair en moi-même _,,,15
Être c_est agir,ENS A/L,2024,17
Le bonheur est-il affaire de hasard ou de nécessité _,AGREG interne,2022,14
Devenir citoyen,ENS,2024,18
Que faut il pour faire un monde _,ENS,2020,18
Le bonheur est-il affaire de hasard ou de nécessité _,AGREG interne,2022,15
La responsabilité,ENS AL,2018,18
L’imagination nous instruit-elle _,AGREG externe,2024,14
Qu_est-ce qui est sensible _,AGREG interne,2024,11
"Dire, est-ce autre chose que vouloir dire _",CAPES,2021,12
Est-ce une chance de naître humain _,AGREG interne,2023,13
"L’Etat, c’est moi",ENS,2021,18
Qu’apprenons-nous de nos affects _,AGREG externe,2020,15
Science et objectivité,,,13
L_imagination nous instruit-elle,AGREG externe,2024,10
La valeur de la nature,ENS,2024,16
Le bonheur est-il affaire de hasard ou de nécessité _,AGREG interne,2022,8
Qu_est-ce que penser _,ENS BL,2017,18
Les choses ont-elles quelque chose en commun _,AGREG,2021,11
Qu_est-ce qui est sensible _,AGREG interne,2024,14
Est-ce une chance de naître humain _,AGREG interne,2023,18
langage et réalité.pdf,AGREG externe,2018,19
La valeur de la nature,ENS,2024,18
Que nous enseignent nos peurs _,ENS BL,2021,17
Peut-on vivre en paix avec son inconscient,AGREG interne,2021,14
Qu_est-ce qui fait autorité _,ENS,2023,17
« Être soi-même » cela a t-il un sens _,CAPES,2023,14
L’imagination nous instruit-elle _,AGREG externe,2024,14
Peut on vivre en paix avec son inconscient _,AGREG interne,2021,17
Que peut le droit,AGREG externe,2021,11
L_inconnu,ENS,2022,17
Qu_est-ce qui est sensible _,AGREG interne,2024,15
Le vrai et le réel,AGREG interne,2020,13
Peut-on vivre en paix avec son inconscient _,AGREG interne,2021,14
Science et objectivité,ENS,2020,14
L_usage des Principes,AGREG externe,2022,11
Habiter le monde.pdf,AGREG externe,2017,16
L'usage des principes,AGREG externe,2022,13
Qu’apprenons-nous de nos affects _,AGREG externe,2020,15
Qu_est-ce qui fait autorité _,ENS,2023,19
L_actualité,ENS,2018,17
Le vrai et le réel,AGREG interne,2020,15
L_égalité,AGREG externe,2023,15
La paix est-elle le plus grand des biens,CAPES,2020,15
La valeur de la nature,ENS,2024,16
Est-ce une chance de naître humain _,AGREG interne,2023,16
Les maitres de vérité,CAPES,2022,11
Qu_est-ce qui fait autorité _,ENS,2023,18
Le bonheur est-il affaire de hasard ou de nécessité _,AGREG interne,2022,16
Le bonheur est-il affaire de hasard ou de nécessité _,AGREG interne,2022,15
L_avenir est-il l_affaire de la pensée,CAPES,2024,17
Peut-on se libérer de sa culture,BAC,2017,19
Que faut-il pour faire un monde _,ENS B_L,2020,17
Le bonheur est-il affaire de hasard ou de nécessité _,AGREG interne,2022,10
L_usage des principes,AGREG externe,2022,13
L_avenir est-il l_affaire de la pensée _.pdf,CAPES,2024,20
La valeur de la nature,ENS,2024,16
Peut-on vivre en paix avec son inconscient _,AGREG interne,2021,12
Que faut-il pour faire un monde,ENS BL,2020,17
Que faut-il pour faire un monde _,ENS,2020,18
Le bien-être,ENS,2023,20
Peut-on vivre en paix avec son inconscient _,AGREG interne,2021,14
La paix est-elle le plus grand des biens _,CAPES,2020,14
Le bonheur est-il affaire de hasard ou de nécessité _,AGREG interne,2022,16
Vie et pensée,,,17
Etre sensible,AGREG externe,2022,13
Qu_est-ce qui est sensible _,AGREG interne,2024,7
Que faut-il pour faire un monde _,ENS B_L,2020,16
La valeur de la nature,ENS,2024,19
